FAMILIA,Nº DE ADULTOS,Nº DE NIÑOS,FECHA DE LLEGADA,FECHA DE SALIDA,NOMBRE DEL HOTEL
Familia: Kucich,Total de adultos: 4,Total de chicos: 2,29/09/2025,02/10/2025,Hotel: Hotel Howard Johnson Rosario
Kucich,Total: 3,Total: 2,02/10/2025,10/10/2025,Catamarca Suites Land
Delpino,Total: 1,Total: 1,02/10/2025,10/10/2025,Catamarca Suites Land
Kucich,Total: 2,Total: 3,10/10/2025,20/10/2025,Mercure Rosario
Kucich,Total: 4,Total: 3,05/10/2025,20/10/2025,Catamarca Suites Land
Kucich,Total: 2,Total: 4,20/10/2025,29/10/2025,"""Altos de Rosario Appart"""
Kucich,Total: 3,Total: 5,27/10/2025,05/11/2025,Hotel Innovo
Kucich,Total: 4,Total: 5,27/10/2025,05/11/2025,Catamarca Suites Land
Kucich,Total: 4,Total: 5,27/10/2025,05/11/2025,Catamarca Suites Land
kucich,Total: 4,Total: 5,27/10/2025,05/11/2025,Holiday Inn Express Rosario by IHG
kucich,Total: 4,Total: 5,27/10/2025,05/11/2025,Holiday Inn Express Rosario by IHG
kucich,4,6,27/10/2025,05/11/2025,Catamarca Suites Land
kucich,2,3,27/10/2025,05/11/2025,Dos Lunas
kucich,2,4,27/10/2025,05/11/2025,Holiday Inn Express Rosario by IHG
kucichs,3,4,27/10/2025,05/11/2025,Esplendor by Wyndham Savoy Rosario
kucich,2,3,27/10/2025,05/11/2025,Esplendor by Wyndham Savoy Rosario
